{
 "CPU": {
  "awk": [
   0.0,
   4.8,
   0.0,
   0.0,
   4.8
  ],
  "bioconvert": [
   4.8,
   0.0,
   0.0,
   0.0,
   0.0
  ],
  "mappy": [
   0.0,
   0.0,
   0.0,
   4.8,
   0.0
  ],
  "mawk": [
   0.0,
   0.0,
   0.0,
   4.8,
   4.8
  ],
  "perl": [
   0.0,
   5.0,
   0.0,
   9.5,
   5.0
  ],
  "readfq": [
   9.5,
   4.8,
   0.0,
   0.0,
   0.0
  ],
  "sed": [
   0.0,
   0.0,
   0.0,
   0.0,
   4.8
  ]
 },
 "memory": {
  "awk": [
   14.6,
   14.6,
   14.6,
   14.6,
   14.6
  ],
  "bioconvert": [
   14.6,
   14.6,
   14.6,
   14.6,
   14.6
  ],
  "mappy": [
   14.6,
   14.6,
   14.6,
   14.6,
   14.6
  ],
  "mawk": [
   14.6,
   14.6,
   14.6,
   14.6,
   14.6
  ],
  "perl": [
   14.6,
   14.6,
   14.6,
   14.6,
   14.6
  ],
  "readfq": [
   14.6,
   14.6,
   14.6,
   14.6,
   14.6
  ],
  "sed": [
   14.6,
   14.6,
   14.6,
   14.6,
   14.6
  ]
 },
 "time": {
  "awk": [
   0.05080103874206543,
   0.05116081237792969,
   0.050858259201049805,
   0.050752878189086914,
   0.05073380470275879
  ],
  "bioconvert": [
   0.05072736740112305,
   0.050750732421875,
   0.05082130432128906,
   0.05072355270385742,
   0.05071878433227539
  ],
  "mappy": [
   0.050681114196777344,
   0.05070614814758301,
   0.0507657527923584,
   0.0507359504699707,
   0.050757646560668945
  ],
  "mawk": [
   0.05069088935852051,
   0.050983428955078125,
   0.05074000358581543,
   0.050803184509277344,
   0.05076003074645996
  ],
  "perl": [
   0.050698041915893555,
   0.05073356628417969,
   0.05080080032348633,
   0.050751686096191406,
   0.05069422721862793
  ],
  "readfq": [
   0.05072522163391113,
   0.05073118209838867,
   0.050763845443725586,
   0.0508270263671875,
   0.05071401596069336
  ],
  "sed": [
   0.050744056701660156,
   0.05079221725463867,
   0.050765037536621094,
   0.05083966255187988,
   0.05073904991149902
  ]
 }
}