{
 "picard": [
  7.797472953796387,
  7.3262903690338135,
  8.60590386390686,
  8.14420485496521,
  8.058300971984863,
  7.5224289894104,
  8.280538320541382,
  8.315565824508667,
  7.260187864303589,
  8.281407833099365
 ],
 "pysam": [
  2.547135353088379,
  2.5780441761016846,
  2.5526065826416016,
  2.538503885269165,
  2.5075438022613525,
  2.540344476699829,
  2.5347111225128174,
  2.5173025131225586,
  2.5408294200897217,
  2.5507383346557617
 ],
 "sambamba": [
  7.47233772277832,
  7.457727432250977,
  7.453412294387817,
  7.114616870880127,
  7.4949986934661865,
  7.46037745475769,
  7.410402536392212,
  7.443375110626221,
  7.42896032333374,
  7.48455810546875
 ],
 "samtools": [
  1.5427405834197998,
  1.5483534336090088,
  1.487170934677124,
  1.4834556579589844,
  1.564232349395752,
  1.5143911838531494,
  1.5582585334777832,
  1.5736722946166992,
  1.5347521305084229,
  1.532609224319458
 ]
}