{
 "picard": [
  8.3583664894104,
  8.163758039474487,
  7.459156274795532,
  8.43967604637146,
  8.186961650848389,
  8.572732925415039,
  7.200242757797241,
  8.604958772659302,
  7.3861963748931885,
  8.414976119995117
 ],
 "pysam": [
  2.467989206314087,
  2.558363676071167,
  2.4937078952789307,
  2.565329074859619,
  2.5091543197631836,
  2.5390284061431885,
  2.5261683464050293,
  2.5231423377990723,
  2.5494439601898193,
  2.567009449005127
 ],
 "sambamba": [
  7.35115909576416,
  7.466463565826416,
  7.388555526733398,
  7.46362566947937,
  7.457399845123291,
  7.387745380401611,
  7.46397066116333,
  7.417339324951172,
  7.47571873664856,
  7.318716764450073
 ],
 "samtools": [
  1.486598014831543,
  1.5391457080841064,
  1.5743935108184814,
  1.5424001216888428,
  1.5444185733795166,
  1.6326634883880615,
  1.557593584060669,
  1.5381324291229248,
  1.5449328422546387,
  1.5931010246276855
 ]
}