{
 "picard": [
  7.280012369155884,
  8.193955421447754,
  7.43178129196167,
  8.491128206253052,
  7.505528450012207,
  8.619562864303589,
  7.297652244567871,
  7.340198755264282,
  7.756304740905762,
  7.39879298210144
 ],
 "pysam": [
  2.5553107261657715,
  2.573042631149292,
  2.5319395065307617,
  2.5207679271698,
  2.5337777137756348,
  2.534640312194824,
  2.5523319244384766,
  2.558839797973633,
  2.5262093544006348,
  2.533224105834961
 ],
 "sambamba": [
  7.435696125030518,
  7.467386960983276,
  7.425088405609131,
  7.241824626922607,
  7.4496800899505615,
  7.4865453243255615,
  7.397730112075806,
  7.192814350128174,
  7.422422409057617,
  7.411352634429932
 ],
 "samtools": [
  1.5141422748565674,
  1.5348308086395264,
  1.5502433776855469,
  1.5969839096069336,
  1.5741119384765625,
  1.5210018157958984,
  1.5673527717590332,
  1.566063642501831,
  1.5001723766326904,
  1.5951004028320312
 ]
}