{
 "picard": [
  7.719005346298218,
  8.199507713317871,
  7.40146803855896,
  7.548110485076904,
  7.3875555992126465,
  7.65057897567749,
  7.089559078216553,
  7.746917486190796,
  8.282307624816895,
  8.558493375778198
 ],
 "pysam": [
  2.589268207550049,
  2.5012378692626953,
  2.539167881011963,
  2.5631155967712402,
  2.5689010620117188,
  2.4725565910339355,
  2.508239507675171,
  2.5548462867736816,
  2.4856510162353516,
  2.558706521987915
 ],
 "sambamba": [
  7.496716260910034,
  7.111182928085327,
  7.444406270980835,
  7.464505910873413,
  7.445735454559326,
  7.453103065490723,
  7.50506854057312,
  7.44607400894165,
  7.451760768890381,
  7.513511896133423
 ],
 "samtools": [
  1.4498450756072998,
  1.5746946334838867,
  1.5561528205871582,
  1.5400397777557373,
  1.5902190208435059,
  1.504535436630249,
  1.5541958808898926,
  1.5285372734069824,
  1.5352880954742432,
  1.5627999305725098
 ]
}