{
 "picard": [
  7.572573661804199,
  8.25920557975769,
  7.383391618728638,
  7.119238615036011,
  7.580105781555176,
  7.072061061859131,
  7.402127027511597,
  8.735350608825684,
  8.22891879081726,
  7.394248962402344
 ],
 "pysam": [
  2.5804176330566406,
  2.5398669242858887,
  2.5082051753997803,
  2.565324068069458,
  2.528207302093506,
  2.5261688232421875,
  2.3866961002349854,
  2.543992757797241,
  2.5294010639190674,
  2.5612480640411377
 ],
 "sambamba": [
  7.44147515296936,
  7.435778379440308,
  7.391049861907959,
  7.386361598968506,
  7.401004791259766,
  7.451253175735474,
  7.455884695053101,
  7.3645594120025635,
  7.459204196929932,
  7.427218914031982
 ],
 "samtools": [
  1.5699255466461182,
  1.5306785106658936,
  1.5678362846374512,
  1.5142483711242676,
  1.5554094314575195,
  1.5163013935089111,
  1.4496307373046875,
  1.584463357925415,
  1.5502517223358154,
  1.4997737407684326
 ]
}