{
 "picard": [
  13.103344440460205,
  9.387333393096924,
  9.60481071472168,
  9.444221258163452,
  9.60068655014038,
  9.51313042640686,
  9.691969156265259,
  9.469923734664917,
  10.266637086868286,
  9.52366328239441
 ],
 "pysam": [
  2.7595102787017822,
  2.5131921768188477,
  2.5293571949005127,
  2.3868441581726074,
  2.4874651432037354,
  2.5431816577911377,
  2.527298927307129,
  2.5156288146972656,
  2.5311503410339355,
  2.509300470352173
 ],
 "sambamba": [
  7.631326675415039,
  7.456210374832153,
  7.474632263183594,
  7.425059080123901,
  7.459184169769287,
  7.4389612674713135,
  7.393825531005859,
  7.406973838806152,
  7.466375112533569,
  7.44135856628418
 ],
 "samtools": [
  4.984031438827515,
  5.112354278564453,
  5.114505767822266,
  5.072642087936401,
  5.10647988319397,
  5.103677272796631,
  4.983044862747192,
  5.066178798675537,
  5.076371908187866,
  5.050307989120483
 ]
}