{
 "picard": [
  9.668782711029053,
  9.7222900390625,
  9.508130311965942,
  9.444406986236572,
  11.347383737564087,
  9.619273900985718,
  9.705284595489502,
  11.746283292770386,
  9.446002960205078,
  9.187038898468018
 ],
 "pysam": [
  2.6010072231292725,
  2.526909351348877,
  2.569049596786499,
  2.504267930984497,
  2.5319314002990723,
  2.5054376125335693,
  2.5387630462646484,
  2.5177533626556396,
  2.5150527954101562,
  2.533001661300659
 ],
 "sambamba": [
  7.193901538848877,
  7.438332796096802,
  7.4390034675598145,
  7.449120998382568,
  7.159725904464722,
  7.428194284439087,
  7.469199895858765,
  7.4426751136779785,
  7.242302417755127,
  7.448392152786255
 ],
 "samtools": [
  5.063243865966797,
  5.060341119766235,
  5.071354627609253,
  5.113654136657715,
  4.963964223861694,
  5.062576532363892,
  5.075620889663696,
  5.065338850021362,
  5.0676116943359375,
  5.016733407974243
 ]
}