{
 "picard": [
  9.384741067886353,
  9.33038067817688,
  9.3060622215271,
  9.515119791030884,
  9.611779928207397,
  9.971385955810547,
  10.201557874679565,
  9.726865768432617,
  9.437729835510254,
  9.28894829750061
 ],
 "pysam": [
  2.5674538612365723,
  2.528777599334717,
  2.551616668701172,
  2.645289897918701,
  2.541317939758301,
  2.540367841720581,
  2.524101734161377,
  2.5326714515686035,
  2.666914939880371,
  2.6357414722442627
 ],
 "sambamba": [
  7.442363023757935,
  7.285423755645752,
  7.4291369915008545,
  7.424877405166626,
  7.445112466812134,
  7.2410242557525635,
  7.39500880241394,
  7.463774919509888,
  7.4491965770721436,
  7.194353103637695
 ],
 "samtools": [
  5.075005054473877,
  5.068766832351685,
  5.074154376983643,
  5.042384386062622,
  5.051972150802612,
  4.973647356033325,
  5.039695501327515,
  5.033041954040527,
  5.045593500137329,
  5.099612236022949
 ]
}