{
 "picard": [
  8.5585618019104,
  8.139050722122192,
  11.764939308166504,
  11.640352725982666,
  9.491962194442749,
  9.968839883804321,
  9.44263768196106,
  9.730785608291626,
  9.761006116867065,
  9.247170686721802
 ],
 "pysam": [
  2.591362476348877,
  2.4751625061035156,
  2.513744354248047,
  2.579176664352417,
  2.5147783756256104,
  2.540452003479004,
  2.535404920578003,
  2.511639356613159,
  2.5300941467285156,
  2.4869725704193115
 ],
 "sambamba": [
  7.225326776504517,
  7.421976089477539,
  7.455174922943115,
  7.43822455406189,
  7.195427179336548,
  7.41026496887207,
  7.456061124801636,
  7.453432083129883,
  7.088335275650024,
  7.469466924667358
 ],
 "samtools": [
  5.050790071487427,
  5.0084192752838135,
  5.045654296875,
  5.021747350692749,
  4.971760988235474,
  5.01642370223999,
  5.02960991859436,
  5.093897581100464,
  5.123612642288208,
  5.077737331390381
 ]
}