{
 "picard": [
  10.263335466384888,
  9.053407669067383,
  9.565530061721802,
  10.086347579956055,
  9.337547302246094,
  9.879865646362305,
  9.309459924697876,
  9.48170804977417,
  9.462329864501953,
  10.107593297958374
 ],
 "pysam": [
  2.653371810913086,
  2.500866174697876,
  2.5331339836120605,
  2.5005745887756348,
  2.5824506282806396,
  2.53029465675354,
  2.5535380840301514,
  2.523300886154175,
  2.512887716293335,
  2.650298595428467
 ],
 "sambamba": [
  7.195480585098267,
  7.410628795623779,
  7.424281597137451,
  7.4555888175964355,
  7.146558523178101,
  7.389036655426025,
  7.426625490188599,
  7.441771745681763,
  7.441032886505127,
  7.423689126968384
 ],
 "samtools": [
  5.044922113418579,
  5.095292806625366,
  5.10708212852478,
  5.030946969985962,
  4.955616474151611,
  5.023451089859009,
  5.074944019317627,
  5.0900938510894775,
  5.0854105949401855,
  5.098381519317627
 ]
}