{
 "picard": [
  3.715435266494751,
  3.746565341949463,
  3.5440468788146973,
  3.73047137260437,
  3.621506452560425,
  3.6305885314941406,
  3.725592851638794,
  3.666825771331787,
  3.5502851009368896,
  3.8658015727996826
 ],
 "pysam": [
  1.56459641456604,
  1.5191349983215332,
  1.8888161182403564,
  2.4314897060394287,
  1.8455445766448975,
  1.5137479305267334,
  1.7772183418273926,
  1.5092029571533203,
  1.823251724243164,
  1.7582144737243652
 ],
 "sambamba": [
  1.77663254737854,
  2.131849527359009,
  1.840362310409546,
  1.340843915939331,
  1.780397653579712,
  1.5926105976104736,
  1.925804615020752,
  1.732769250869751,
  1.983205795288086,
  1.7984514236450195
 ],
 "samtools": [
  0.6102139949798584,
  0.6099393367767334,
  0.8690075874328613,
  0.599370002746582,
  0.7536916732788086,
  1.0505847930908203,
  0.7421000003814697,
  0.7260458469390869,
  0.8201031684875488,
  0.7353017330169678
 ]
}