{
 "picard": [
  3.6454837322235107,
  3.60868763923645,
  3.595369338989258,
  3.6950058937072754,
  3.778489112854004,
  3.6066315174102783,
  3.710789680480957,
  3.6763916015625,
  3.711962938308716,
  3.7612528800964355
 ],
 "pysam": [
  1.7976834774017334,
  1.6622600555419922,
  2.0570011138916016,
  2.080155372619629,
  1.7662110328674316,
  2.0569586753845215,
  1.676236629486084,
  1.8748979568481445,
  1.5219974517822266,
  1.9406518936157227
 ],
 "sambamba": [
  1.6145224571228027,
  1.8324007987976074,
  1.6583774089813232,
  2.0436453819274902,
  1.3950762748718262,
  2.1428921222686768,
  2.32824969291687,
  1.819507360458374,
  1.6177489757537842,
  1.5588865280151367
 ],
 "samtools": [
  0.7606816291809082,
  0.7055826187133789,
  0.7999098300933838,
  1.1806011199951172,
  0.6836690902709961,
  0.6992523670196533,
  0.6919922828674316,
  0.8348214626312256,
  0.6880483627319336,
  1.0252864360809326
 ]
}