{
 "picard": [
  3.7871158123016357,
  3.9307284355163574,
  3.8188042640686035,
  3.8582327365875244,
  4.036611080169678,
  4.167663097381592,
  3.554623603820801,
  3.7452547550201416,
  3.6398813724517822,
  3.7236459255218506
 ],
 "pysam": [
  2.0458710193634033,
  2.0849838256835938,
  1.8201041221618652,
  1.5493762493133545,
  1.902855396270752,
  1.9495575428009033,
  1.4845008850097656,
  1.5050866603851318,
  1.6697213649749756,
  1.7694206237792969
 ],
 "sambamba": [
  1.5699994564056396,
  2.144650459289551,
  1.9610130786895752,
  1.7349801063537598,
  1.5596342086791992,
  2.2809243202209473,
  1.837184190750122,
  1.910165548324585,
  1.8769164085388184,
  1.8000578880310059
 ],
 "samtools": [
  0.7158079147338867,
  0.7902250289916992,
  0.6513011455535889,
  1.1463770866394043,
  0.7153141498565674,
  0.7918722629547119,
  0.7395715713500977,
  0.7242426872253418,
  1.0574519634246826,
  0.860353946685791
 ]
}