{
 "picard": [
  3.565171480178833,
  3.6176600456237793,
  3.879554271697998,
  3.8335397243499756,
  3.9497861862182617,
  3.9174110889434814,
  3.476733446121216,
  3.7605841159820557,
  3.7047462463378906,
  3.9541914463043213
 ],
 "pysam": [
  1.7895054817199707,
  2.0906450748443604,
  2.0566232204437256,
  1.8848350048065186,
  1.9647645950317383,
  1.8641712665557861,
  2.3248212337493896,
  1.9966347217559814,
  1.623718023300171,
  1.6466877460479736
 ],
 "sambamba": [
  1.9928288459777832,
  1.879776954650879,
  1.710937261581421,
  2.1105265617370605,
  2.2845773696899414,
  2.024693727493286,
  2.311267375946045,
  1.951214075088501,
  1.7334837913513184,
  2.609091281890869
 ],
 "samtools": [
  0.6997981071472168,
  1.190924882888794,
  0.9075396060943604,
  0.6706357002258301,
  0.7843108177185059,
  1.1596791744232178,
  0.8585050106048584,
  0.7828760147094727,
  1.1518874168395996,
  0.8724968433380127
 ]
}