{
 "picard": [
  4.336381673812866,
  4.264822721481323,
  4.548327922821045,
  3.9717798233032227,
  4.240616321563721,
  3.954662561416626,
  3.8605663776397705,
  3.9190049171447754,
  3.7737553119659424,
  3.9567108154296875
 ],
 "pysam": [
  1.57572603225708,
  1.7488806247711182,
  1.5609328746795654,
  1.5491943359375,
  1.7529265880584717,
  1.7411079406738281,
  2.4829518795013428,
  1.5612778663635254,
  2.0339906215667725,
  2.1030995845794678
 ],
 "sambamba": [
  1.9153835773468018,
  1.7959401607513428,
  2.3344438076019287,
  1.9257557392120361,
  1.8856275081634521,
  2.588951826095581,
  1.9215953350067139,
  2.2737984657287598,
  1.8178725242614746,
  1.583982229232788
 ],
 "samtools": [
  1.115394115447998,
  0.700878381729126,
  0.8558881282806396,
  0.8517746925354004,
  0.8194260597229004,
  0.7032713890075684,
  0.8598639965057373,
  0.7643475532531738,
  0.7630960941314697,
  0.7119810581207275
 ]
}