{
    "awk":{
        "0":0.7425267696,
        "1":0.9099180698,
        "2":1.1014728546,
        "3":0.9349081516,
        "4":0.937267065,
        "5":0.8292093277,
        "6":1.0423812866,
        "7":0.9427945614,
        "8":1.1333673,
        "9":1.1399474144,
        "10":0.7427928448,
        "11":0.9522371292,
        "12":1.0411605835,
        "13":0.8273422718,
        "14":1.0517520905,
        "15":0.8158590794,
        "16":1.2116298676,
        "17":0.970397234,
        "18":0.8390359879,
        "19":1.0398139954,
        "20":0.7377774715,
        "21":1.0639636517,
        "22":0.9376387596,
        "23":1.0383379459,
        "24":0.9921786785,
        "25":0.9811427593,
        "26":0.8354532719,
        "27":0.8267936707,
        "28":1.3539693356,
        "29":0.9419364929,
        "30":0.7435090542,
        "31":0.8225421906,
        "32":1.0589065552,
        "33":0.8125219345,
        "34":1.1457955837,
        "35":0.9396688938,
        "36":1.2420547009,
        "37":0.940227747,
        "38":1.0356559753,
        "39":0.8318200111,
        "40":0.7436394691,
        "41":1.008825779,
        "42":0.9424951077,
        "43":0.8279993534,
        "44":1.1821656227,
        "45":1.0185184479,
        "46":1.2465596199,
        "47":0.9325766563,
        "48":1.347796917,
        "49":1.1991565228
    },
    "bioconvert":{
        "0":0.6322870255,
        "1":1.087095499,
        "2":0.6075739861,
        "3":0.6139373779,
        "4":0.5918204784,
        "5":0.6258599758,
        "6":0.6183269024,
        "7":0.6301388741,
        "8":0.9155533314,
        "9":0.6449699402,
        "10":0.4990961552,
        "11":0.5944244862,
        "12":0.6294629574,
        "13":0.6639900208,
        "14":0.9702568054,
        "15":0.6027460098,
        "16":0.5238206387,
        "17":0.6207699776,
        "18":0.6100342274,
        "19":0.8483059406,
        "20":0.5064151287,
        "21":0.7485320568,
        "22":0.7262451649,
        "23":0.6153275967,
        "24":0.6130475998,
        "25":0.6268460751,
        "26":0.685236454,
        "27":0.9839787483,
        "28":1.0055370331,
        "29":0.8623723984,
        "30":0.5808434486,
        "31":1.0038771629,
        "32":0.531275034,
        "33":0.7133219242,
        "34":0.5130217075,
        "35":0.6056759357,
        "36":0.7996163368,
        "37":0.5533459187,
        "38":0.9411444664,
        "39":0.5243811607,
        "40":0.660607338,
        "41":0.6035237312,
        "42":0.6427183151,
        "43":0.6697626114,
        "44":0.7870087624,
        "45":0.6015067101,
        "46":0.6494846344,
        "47":0.6674950123,
        "48":0.6819708347,
        "49":0.9473831654
    },
    "mappy":{
        "0":0.9360604286,
        "1":0.825851202,
        "2":1.2486526966,
        "3":0.8336510658,
        "4":1.2448480129,
        "5":0.9404482841,
        "6":0.9310228825,
        "7":0.9406406879,
        "8":0.9337928295,
        "9":1.244068861,
        "10":0.8071248531,
        "11":0.9354221821,
        "12":1.034604311,
        "13":0.8379659653,
        "14":1.1412100792,
        "15":0.9347028732,
        "16":0.832726717,
        "17":0.9362158775,
        "18":0.8387317657,
        "19":1.240213871,
        "20":1.1384522915,
        "21":1.0431480408,
        "22":1.2482755184,
        "23":0.8261716366,
        "24":0.9357132912,
        "25":1.2490632534,
        "26":0.8322782516,
        "27":1.2488045692,
        "28":0.934946537,
        "29":1.181886673,
        "30":1.0231990814,
        "31":1.0484209061,
        "32":1.1349287033,
        "33":1.4607846737,
        "34":0.9370567799,
        "35":0.8243467808,
        "36":1.1437883377,
        "37":0.9456067085,
        "38":0.9259605408,
        "39":0.9247801304,
        "40":0.8206984997,
        "41":1.0423636436,
        "42":0.9282310009,
        "43":1.1439416409,
        "44":0.9352915287,
        "45":1.047662735,
        "46":0.8219118118,
        "47":1.1585402489,
        "48":0.9245154858,
        "49":1.0378141403
    },
    "mawk":{
        "0":0.55677104,
        "1":0.426361084,
        "2":0.6081485748,
        "3":0.4624662399,
        "4":0.431163311,
        "5":0.6706979275,
        "6":0.4655842781,
        "7":0.6174807549,
        "8":0.6218543053,
        "9":0.562994957,
        "10":0.5664820671,
        "11":0.4763784409,
        "12":0.4917211533,
        "13":0.5112671852,
        "14":0.7580990791,
        "15":0.4324688911,
        "16":0.7135336399,
        "17":0.5727825165,
        "18":0.5687625408,
        "19":0.651586771,
        "20":0.5571496487,
        "21":0.7361924648,
        "22":0.4251651764,
        "23":0.6119449139,
        "24":0.4329721928,
        "25":0.6063816547,
        "26":0.8980009556,
        "27":0.4567799568,
        "28":0.9246194363,
        "29":0.7033216953,
        "30":0.4017522335,
        "31":0.8539931774,
        "32":0.5245673656,
        "33":0.4037890434,
        "34":0.532523632,
        "35":0.6977035999,
        "36":0.4464857578,
        "37":0.8193151951,
        "38":0.5526409149,
        "39":0.8757369518,
        "40":0.4322571754,
        "41":0.5933640003,
        "42":0.431665659,
        "43":0.5594577789,
        "44":0.4083685875,
        "45":0.7390515804,
        "46":0.7686669827,
        "47":0.6574356556,
        "48":0.9386456013,
        "49":0.6355574131
    },
    "perl":{
        "0":0.5578038692,
        "1":0.6188271046,
        "2":0.6780536175,
        "3":0.7034702301,
        "4":0.545861721,
        "5":0.6162917614,
        "6":0.7391750813,
        "7":1.0212709904,
        "8":0.5481626987,
        "9":0.6254584789,
        "10":0.5978887081,
        "11":0.915397644,
        "12":0.8535642624,
        "13":1.1938242912,
        "14":0.6961188316,
        "15":0.656621933,
        "16":0.8804037571,
        "17":0.9177062511,
        "18":0.7437520027,
        "19":0.660131216,
        "20":0.7701089382,
        "21":0.8391811848,
        "22":1.3775789738,
        "23":0.8129162788,
        "24":0.7939958572,
        "25":0.652233839,
        "26":0.8961589336,
        "27":0.6603264809,
        "28":1.0016212463,
        "29":0.8196489811,
        "30":0.9769656658,
        "31":0.824848175,
        "32":0.8669154644,
        "33":0.9350514412,
        "34":0.5834443569,
        "35":1.0328109264,
        "36":0.6400620937,
        "37":1.1876173019,
        "38":0.7482120991,
        "39":0.5482923985,
        "40":0.8668220043,
        "41":0.7729215622,
        "42":0.6124033928,
        "43":1.0744457245,
        "44":0.5886542797,
        "45":1.0085682869,
        "46":0.7697467804,
        "47":1.0923471451,
        "48":0.7578542233,
        "49":1.0688197613
    },
    "readfq":{
        "0":1.5533666611,
        "1":1.9533457756,
        "2":1.4447596073,
        "3":1.4766559601,
        "4":1.443218708,
        "5":1.4755935669,
        "6":1.661547184,
        "7":1.4589169025,
        "8":1.8346662521,
        "9":1.3708071709,
        "10":1.782500267,
        "11":1.3964912891,
        "12":1.3663151264,
        "13":1.3444020748,
        "14":1.4733531475,
        "15":1.8497486115,
        "16":1.4530994892,
        "17":1.461180687,
        "18":1.4699854851,
        "19":1.8872172832,
        "20":1.3959805965,
        "21":1.8509066105,
        "22":1.6583611965,
        "23":1.4765908718,
        "24":1.6592943668,
        "25":1.5470056534,
        "26":1.6690273285,
        "27":1.3922424316,
        "28":1.5144782066,
        "29":1.8922533989,
        "30":1.5538301468,
        "31":1.4570860863,
        "32":1.3550710678,
        "33":1.5789408684,
        "34":1.4505901337,
        "35":1.7679171562,
        "36":1.8022880554,
        "37":1.4172399044,
        "38":1.6687107086,
        "39":1.8937571049,
        "40":1.7266492844,
        "41":1.4835417271,
        "42":1.6507940292,
        "43":1.3910689354,
        "44":1.7073431015,