{
 "picard": [
  3.7570114135742188,
  3.7839319705963135,
  3.9482343196868896,
  4.1679277420043945,
  4.308211326599121,
  4.937095880508423,
  4.140989542007446,
  3.858680486679077,
  3.736551284790039,
  4.046401023864746
 ],
 "pysam": [
  1.5778779983520508,
  1.6163671016693115,
  1.948432445526123,
  1.7980167865753174,
  1.5258069038391113,
  1.5073180198669434,
  1.6845171451568604,
  1.6612653732299805,
  2.1992173194885254,
  2.313713550567627
 ],
 "sambamba": [
  1.8304297924041748,
  1.6906704902648926,
  2.326765537261963,
  2.384110689163208,
  2.123631238937378,
  2.090116024017334,
  2.2229201793670654,
  2.369488000869751,
  2.280029535293579,
  1.6533725261688232
 ],
 "samtools": [
  3.2225382328033447,
  3.5985395908355713,
  3.0480778217315674,
  3.2568564414978027,
  2.3807780742645264,
  2.4353384971618652,
  3.169196367263794,
  2.423884868621826,
  2.4074032306671143,
  2.5220375061035156
 ]
}