{
 "picard": [
  4.1315271854400635,
  4.006438970565796,
  4.17546534538269,
  4.235432863235474,
  4.172921419143677,
  4.237638711929321,
  4.116421222686768,
  4.447732210159302,
  4.272954702377319,
  4.045436382293701
 ],
 "pysam": [
  1.5882916450500488,
  1.8219366073608398,
  1.7260701656341553,
  1.5496184825897217,
  1.8627028465270996,
  1.727069616317749,
  2.1207878589630127,
  2.0264828205108643,
  2.0262746810913086,
  2.396538734436035
 ],
 "sambamba": [
  1.9787077903747559,
  2.230253219604492,
  1.5883140563964844,
  2.049354314804077,
  1.856492042541504,
  1.8978676795959473,
  1.9803376197814941,
  1.8932504653930664,
  1.4521431922912598,
  2.0049426555633545
 ],
 "samtools": [
  2.502086877822876,
  2.901634454727173,
  2.5577309131622314,
  2.6543099880218506,
  2.709818124771118,
  2.48614764213562,
  3.1594419479370117,
  2.3903093338012695,
  2.5101563930511475,
  2.593958854675293
 ]
}