{
 "picard": [
  4.3450000286102295,
  4.547335624694824,
  4.151392698287964,
  4.138768672943115,
  4.659902572631836,
  3.9282820224761963,
  4.052845001220703,
  3.942387104034424,
  4.079944133758545,
  4.048529863357544
 ],
 "pysam": [
  2.596980094909668,
  1.599426031112671,
  2.3266372680664062,
  2.2007651329040527,
  2.2076661586761475,
  2.094147205352783,
  2.148611307144165,
  2.6657874584198,
  2.2975332736968994,
  1.8848967552185059
 ],
 "sambamba": [
  2.1660542488098145,
  1.8484792709350586,
  1.546098232269287,
  1.7680017948150635,
  1.7520778179168701,
  2.3002705574035645,
  2.1502602100372314,
  1.4879207611083984,
  1.8129193782806396,
  1.8317222595214844
 ],
 "samtools": [
  2.6200613975524902,
  2.790250539779663,
  2.5750019550323486,
  3.00258469581604,
  2.516633987426758,
  2.8739418983459473,
  2.487520694732666,
  2.45167875289917,
  2.5264859199523926,
  2.574559211730957
 ]
}