{
 "picard": [
  4.194350719451904,
  4.34809947013855,
  4.0237274169921875,
  3.873556137084961,
  4.238344430923462,
  3.8545444011688232,
  4.329174995422363,
  4.170172452926636,
  4.281795501708984,
  4.3267600536346436
 ],
 "pysam": [
  1.6007416248321533,
  1.7004127502441406,
  1.6527190208435059,
  1.569352149963379,
  1.5296638011932373,
  1.9698777198791504,
  1.5411581993103027,
  2.08311128616333,
  2.789822816848755,
  2.7456753253936768
 ],
 "sambamba": [
  1.9014060497283936,
  2.2136378288269043,
  1.5419397354125977,
  2.134568691253662,
  2.2123899459838867,
  2.0694003105163574,
  2.3493154048919678,
  2.294506311416626,
  2.0657339096069336,
  1.975404977798462
 ],
 "samtools": [
  2.5030484199523926,
  3.733582019805908,
  3.2738499641418457,
  2.4834723472595215,
  2.6580517292022705,
  2.4566938877105713,
  2.457677125930786,
  3.142385721206665,
  2.813269853591919,
  2.436145544052124
 ]
}