{
 "picard": [
  3.7455825805664062,
  3.8556318283081055,
  3.9316024780273438,
  3.8073477745056152,
  3.6745290756225586,
  3.9679782390594482,
  3.914531707763672,
  3.93178653717041,
  3.9015815258026123,
  3.7437496185302734
 ],
 "pysam": [
  1.8793084621429443,
  1.9512393474578857,
  1.9446229934692383,
  1.9356765747070312,
  1.7920351028442383,
  2.2624833583831787,
  2.3329215049743652,
  2.2380919456481934,
  2.0960235595703125,
  2.6552703380584717
 ],
 "sambamba": [
  1.4441561698913574,
  1.937096357345581,
  1.8290584087371826,
  1.732011079788208,
  2.0324299335479736,
  2.035226583480835,
  1.7542626857757568,
  2.0301098823547363,
  2.2570371627807617,
  2.2426633834838867
 ],
 "samtools": [
  3.55412220954895,
  2.4809083938598633,
  2.478407144546509,
  2.4392881393432617,
  2.652522563934326,
  3.192119598388672,
  2.5376229286193848,
  2.492924213409424,
  2.479262351989746,
  2.4761784076690674
 ]
}