{
    "picard":{
        "0":3.7455825806,
        "1":3.8556318283,
        "2":3.931602478,
        "3":3.8073477745,
        "4":3.6745290756,
        "5":3.9679782391,
        "6":3.9145317078,
        "7":3.9317865372,
        "8":3.9015815258,
        "9":3.7437496185,
        "10":3.7570114136,
        "11":3.7839319706,
        "12":3.9482343197,
        "13":4.167927742,
        "14":4.3082113266,
        "15":4.9370958805,
        "16":4.140989542,
        "17":3.8586804867,
        "18":3.7365512848,
        "19":4.0464010239,
        "20":4.3450000286,
        "21":4.5473356247,
        "22":4.1513926983,
        "23":4.1387686729,
        "24":4.6599025726,
        "25":3.9282820225,
        "26":4.0528450012,
        "27":3.942387104,
        "28":4.0799441338,
        "29":4.0485298634,
        "30":4.1943507195,
        "31":4.3480994701,
        "32":4.023727417,
        "33":3.8735561371,
        "34":4.2383444309,
        "35":3.8545444012,
        "36":4.3291749954,
        "37":4.1701724529,
        "38":4.2817955017,
        "39":4.3267600536,
        "40":4.1315271854,
        "41":4.0064389706,
        "42":4.1754653454,
        "43":4.2354328632,
        "44":4.1729214191,
        "45":4.2376387119,
        "46":4.1164212227,
        "47":4.4477322102,
        "48":4.2729547024,
        "49":4.0454363823
    },
    "pysam":{
        "0":1.8793084621,
        "1":1.9512393475,
        "2":1.9446229935,
        "3":1.9356765747,
        "4":1.7920351028,
        "5":2.2624833584,
        "6":2.332921505,
        "7":2.2380919456,
        "8":2.0960235596,
        "9":2.6552703381,
        "10":1.5778779984,
        "11":1.6163671017,
        "12":1.9484324455,
        "13":1.7980167866,
        "14":1.5258069038,
        "15":1.5073180199,
        "16":1.6845171452,
        "17":1.6612653732,
        "18":2.1992173195,
        "19":2.3137135506,
        "20":2.5969800949,
        "21":1.5994260311,
        "22":2.3266372681,
        "23":2.2007651329,
        "24":2.2076661587,
        "25":2.0941472054,
        "26":2.1486113071,
        "27":2.6657874584,
        "28":2.2975332737,
        "29":1.8848967552,
        "30":1.6007416248,
        "31":1.7004127502,
        "32":1.6527190208,
        "33":1.56935215,
        "34":1.5296638012,
        "35":1.9698777199,
        "36":1.5411581993,
        "37":2.0831112862,
        "38":2.7898228168,
        "39":2.7456753254,
        "40":1.5882916451,
        "41":1.8219366074,
        "42":1.7260701656,
        "43":1.5496184826,
        "44":1.8627028465,
        "45":1.7270696163,
        "46":2.120787859,
        "47":2.0264828205,
        "48":2.0262746811,
        "49":2.3965387344
    },
    "sambamba":{
        "0":1.4441561699,
        "1":1.9370963573,
        "2":1.8290584087,
        "3":1.7320110798,
        "4":2.0324299335,
        "5":2.0352265835,
        "6":1.7542626858,
        "7":2.0301098824,
        "8":2.2570371628,
        "9":2.2426633835,
        "10":1.8304297924,
        "11":1.6906704903,
        "12":2.3267655373,
        "13":2.3841106892,
        "14":2.1236312389,
        "15":2.090116024,
        "16":2.2229201794,
        "17":2.3694880009,
        "18":2.2800295353,
        "19":1.6533725262,
        "20":2.1660542488,
        "21":1.8484792709,
        "22":1.5460982323,
        "23":1.7680017948,
        "24":1.7520778179,
        "25":2.3002705574,
        "26":2.15026021,
        "27":1.4879207611,
        "28":1.8129193783,
        "29":1.8317222595,
        "30":1.9014060497,
        "31":2.2136378288,
        "32":1.5419397354,
        "33":2.1345686913,
        "34":2.212389946,
        "35":2.0694003105,
        "36":2.3493154049,
        "37":2.2945063114,
        "38":2.0657339096,
        "39":1.9754049778,
        "40":1.9787077904,
        "41":2.2302532196,
        "42":1.5883140564,
        "43":2.0493543148,
        "44":1.8564920425,
        "45":1.8978676796,
        "46":1.9803376198,
        "47":1.8932504654,
        "48":1.4521431923,
        "49":2.0049426556
    },
    "samtools":{
        "0":3.5541222095,
        "1":2.4809083939,
        "2":2.4784071445,
        "3":2.4392881393,
        "4":2.6525225639,
        "5":3.1921195984,
        "6":2.5376229286,
        "7":2.4929242134,
        "8":2.479262352,
        "9":2.4761784077,
        "10":3.2225382328,
        "11":3.5985395908,
        "12":3.0480778217,
        "13":3.2568564415,
        "14":2.3807780743,
        "15":2.4353384972,
        "16":3.1691963673,
        "17":2.4238848686,
        "18":2.4074032307,
        "19":2.5220375061,
        "20":2.6200613976,
        "21":2.7902505398,
        "22":2.575001955,
        "23":3.0025846958,
        "24":2.5166339874,
        "25":2.8739418983,
        "26":2.4875206947,
        "27":2.4516787529,
        "28":2.52648592,
        "29":2.5745592117,
        "30":2.50304842,
        "31":3.7335820198,
        "32":3.2738499641,
        "33":2.4834723473,
        "34":2.6580517292,
        "35":2.4566938877,
        "36":2.4576771259,
        "37":3.1423857212,
        "38":2.8132698536,
        "39":2.4361455441,
        "40":2.5020868778,
        "41":2.9016344547,
        "42":2.5577309132,
        "43":2.654309988,
        "44":2.7098181248,
        "45":2.4861476421,
        "46":3.1594419479,
        "47":2.3903093338,
        "48":2.5101563931,
        "49":2.5939588547
    },
    "Benchmark":{
        "0":1,
        "1":1,
        "2":1,
        "3":1,
        "4":1,
        "5":1,
        "6":1,
        "7":1,
        "8":1,
        "9":1,
        "10":2,
        "11":2,
        "12":2,
        "13":2,
        "14":2,
        "15":2,
        "16":2,
        "17":2,
        "18":2,
        "19":2,
        "20":3,
        "21":3,
        "22":3,
        "23":3,
        "24":3,
        "25":3,
        "26":3,
        "27":3,
        "28":3,
        "29":3,
        "30":4,
        "31":4,
        "32":4,
        "33":4,
        "34":4,
        "35":4,
        "36":4,
        "37":4,
        "38":4,
        "39":4,
        "40":5,
        "41":5,
        "42":5,
        "43":5,
        "44":5,
        "45":5,
        "46":5,
        "47":5,
        "48":5,
        "49":5
    }
}